{
  "code": 0
  ,"msg": ""
  ,"count": "100"
  ,"data": [{
    "name": "大风力智能电吹风"
    ,"color": "粉色"
    ,"wattage": "1500W"
    ,"avatar": "https://ss1.bdstatic.com/70cFvXSh_Q1YnxGkpoWK1HF6hhy/it/u=948415864,1373067741&fm=27&gp=0.jpg"
    ,"number": "1"
    ,"price": "￥189.00"
    ,"original": "￥280.00"
  },{
    "name": "大风力智能电吹风"
    ,"color": "粉色"
    ,"wattage": "1500W"
    ,"avatar": "https://ss1.bdstatic.com/70cFvXSh_Q1YnxGkpoWK1HF6hhy/it/u=948415864,1373067741&fm=27&gp=0.jpg"
    ,"number": "2"
    ,"price": "￥189.00"
    ,"original": "￥280.00"
  },{
    "name": "大风力智能电吹风"
    ,"color": "粉色"
    ,"wattage": "1500W"
    ,"avatar": "https://ss1.bdstatic.com/70cFvXSh_Q1YnxGkpoWK1HF6hhy/it/u=948415864,1373067741&fm=27&gp=0.jpg"
    ,"number": "3"
    ,"price": "￥189.00"
    ,"original": "￥280.00"
  }]
}